,ap_consumer_facing | consumer_engagement | advocacy_media | influencer_management | influencer_management | engagements,ap_consumer_facing | consumer_engagement | paid_media | digital_tv | bvod | impressions,ap_consumer_facing | consumer_engagement | paid_media | online_multiformat_ads_transaction | amazon_retail | impressions,ap_consumer_facing | consumer_engagement | paid_media | online_multiformat_ads_transaction | tesco | impressions,ap_consumer_facing | consumer_engagement | paid_media | online_video_content_platforms | google_video | impressions,ap_consumer_facing | consumer_engagement | paid_media | online_video_content_platforms | youtube | impressions,ap_consumer_facing | consumer_engagement | paid_media | paid_search_awarenessconsideration | google | impressions,ap_consumer_facing | consumer_engagement | paid_media | paid_search_transaction | amazon | impressions,ap_consumer_facing | consumer_engagement | paid_media | paid_search_transaction | citrus | impressions,ap_consumer_facing | consumer_engagement | paid_media | paid_search_transaction | criteo | impressions,ap_consumer_facing | consumer_engagement | paid_media | social_media_awarenessconsideration | meta | impressions,ap_consumer_facing | consumer_engagement | paid_media | social_media_awarenessconsideration | pinterest | impressions,ap_consumer_facing | consumer_engagement | paid_media | social_media_awarenessconsideration | tik_tok | impressions,ap_consumer_facing | consumer_engagement | paid_media | social_media_transaction | meta | impressions,ap_consumer_facing | consumer_engagement | paid_media | social_media_transaction | meta_collab_ads | impressions,ap_consumer_facing | consumer_engagement | paid_media | social_media_transaction | tesco | impressions,ap_consumer_facing | consumer_engagement | paid_media | social_media_transaction | the_hut_group | impressions,ap_consumer_facing | consumer_engagement | paid_media | social_media_transaction | tik_tok | impressions,ap_consumer_facing | consumer_engagement | paid_media | traditional_tv | linear | grps,ap_consumer_facing | shopper_experience | shopper_experience | testers_and_merchandising | testers_and_merchandising | units,UK L'Oreal Paris Haircare Offline Average Price (in pound),UK L'Oreal Paris Haircare Online Average Price (in pound),UK L'Oreal Paris Haircare Total Weigheted Promotion Distribution (%),UK L'Oreal Paris Haircare Total Offline Sellout Value (in pound),UK L'Oreal Paris Haircare Total Offline Sellout Units,UK L'Oreal Paris Haircare Total Online Sellout Value (in pound),UK L'Oreal Paris Haircare Total Online Sellout Units
2022-01-03,537.2169434971748,0.0,193246.3,0.0,0.0,0.0,4067.7,1468912.9,0.0,156076.7,1289454.4,0.0,0.0,0.0,1507673.7,0.0,0.0,0.0,0.0,330.57142859,2.323821607440973,3.2420713854161822,0.37,1583364.9,681362.5,362750.18,111888.4
2022-01-10,0.0,0.0,343567.9,0.0,0.0,0.0,3716.7,2474498.0,0.0,161675.80000000002,2106572.0,0.0,0.0,0.0,1662391.9,0.0,0.0,0.0,0.0,261.15142859,2.32864869343949,2.978818550981023,0.42,1753588.2,753049.7000000001,385263.71,129334.4
2022-01-17,0.0,0.0,448357.0,0.0,0.0,0.0,4264.0,2691219.7,0.0,408499.0,2869640.8000000003,0.0,0.0,0.0,1781321.1,0.0,0.0,0.0,0.0,340.48857141,2.3782795301725006,3.0140394088669957,0.43,1690696.8,710890.7000000001,359523.06000000006,119282.8
2022-01-24,142432.1215960798,815102.08,626307.5,0.0,0.0,0.0,4633.2,1940061.5,0.0,684980.4,11263612.1,0.0,0.0,0.0,1750936.2,0.0,0.0,0.0,58.63,421.90831423,2.396989008169026,3.077403378537011,0.86,1748572.8,729487.2000000001,357843.85000000003,116281.1
2022-01-31,95869.36941847092,679251.8200000001,619993.4,0.0,0.0,0.0,2134.6,2349322.3000000003,0.0,1074118.5,15033348.2,0.0,0.0,0.0,1959865.7,0.0,0.0,0.0,100.49,513.41048577,2.394614752121192,3.306272315718052,0.78,1768055.9,738346.7000000001,386416.94,116873.9
2022-02-07,114872.70500025,1086802.86,515611.2,0.0,0.0,0.0,1472.9,2473779.1,0.0,209513.2,13953063.8,0.0,0.0,0.0,1600469.0,0.0,0.0,0.0,85.92999999999999,351.9594,2.427983212954124,3.195358402662229,0.72,1752389.6,721747.0,312066.69,97662.5
2022-02-14,38475.998653432674,407551.04,6170598.2,0.0,0.0,1133346.5,1618.5,2374671.0,0.0,166862.80000000002,16139238.7,0.0,0.0,0.0,1353947.4,0.0,0.0,0.0,61.75,282.5394,2.426661300166853,3.1302120646681466,0.72,1669474.3,687971.7000000001,298770.29,95447.3
2022-02-21,13678.871785089255,0.0,10469629.3,0.0,188015.1,4097431.0,2389.4,3484471.9,0.0,140311.6,12280013.2,0.0,0.0,0.0,1381152.5,0.0,0.0,0.0,0.0,387.56194282,2.583091262341833,3.2573526183250467,0.48,1773309.2,686506.6,327903.03,100665.5
2022-02-28,0.0,0.0,2835346.8000000003,0.0,191218.3,2921339.2,3247.4,3222242.4,0.0,741742.3,2750133.1,0.0,0.0,0.0,973674.0,0.0,0.0,0.0,0.0,385.08265718,2.651524325197064,3.460363892506845,0.46,1793337.0,676341.9,338474.11000000004,97814.6
2022-03-07,0.0,0.0,265714.8,0.0,216253.7,2621682.7,18077.8,3304130.7,0.0,1359577.7,0.0,0.0,0.0,0.0,194868.7,0.0,0.0,0.0,0.0,375.95888577000005,2.5113255802556083,3.332250239387169,0.72,1798604.6,716197.3,339298.05,101822.5
2022-03-14,0.0,0.0,885670.5,0.0,369608.2,4126384.6,42395.6,3320041.4,0.0,502223.8,0.0,0.0,0.0,0.0,3183453.0,0.0,0.0,0.0,0.0,725.04231423,2.4659418258060253,3.2884528216363225,0.46,1795010.1,727920.7000000001,339528.15,103248.6
2022-03-21,429456.8712485624,1144673.27,717181.4,0.0,1614776.8,4046916.9,32119.1,2896422.1,0.0,658031.4,10539153.3,0.0,0.0,0.0,3891803.5,0.0,0.0,0.0,84.63,673.47317141,2.4828931705703186,3.251015303848249,0.61,1892675.2,762286.2000000001,341334.5,104993.2
2022-03-28,474578.0235311765,699522.5900000001,2459623.4,0.0,1094545.4,3653523.9,20231.9,2838592.9,0.0,514094.1,13735018.7,0.0,31010818.8,0.0,4167512.7,0.0,0.0,0.0,112.32,756.34742859,2.499988351523077,3.3560469806884408,0.66,2092538.5,837019.3,391518.79,116660.7
2022-04-04,201773.72498124905,1017487.38,4655781.0,0.0,576618.9,4697144.4,19043.7,2902087.5,0.0,610717.9,16784458.6,0.0,13603859.1,0.0,4053039.9,0.0,0.0,0.0,93.47,592.384,2.4501442026950526,3.105223596884742,0.57,2143666.2,874914.3,371639.06000000006,119681.9
2022-04-11,106527.63396169808,826708.48,3121649.7,0.0,1225536.0,2861220.7,23184.2,2291906.5,0.0,575464.5,17862209.3,0.0,2231396.7,0.0,4682623.4,0.0,0.0,0.0,92.04,286.93600000000004,2.4498790257695227,3.071009966311061,0.81,2216701.5,904820.8,341294.85000000003,111134.4
2022-04-18,98335.0078303915,254371.78000000003,2114658.0,0.0,987988.3,1816.1,23827.7,2107245.4,0.0,404627.6,5007440.100000001,0.0,2166158.8000000003,0.0,4810087.100000001,0.0,0.0,0.0,53.82,375.49608577,2.4349661472013078,2.991934532428113,0.88,2169350.3000000003,890916.0,362646.7,121208.1
2022-04-25,107485.38586929346,0.0,1978328.3,0.0,695262.1,324803.7,24629.8,1585515.1,0.0,440250.2,987548.9,0.0,1763641.1,0.0,2551008.2,0.0,0.0,0.0,0.0,324.72031423000004,2.400000523872888,2.97216391804098,0.46,2382257.8000000003,992607.2,402037.48,135267.6
2022-05-02,39001.95009750487,0.0,3258330.4,0.0,27.3,0.0,1573.0,2927970.5,0.0,586955.2000000001,1088136.725,0.0,450583.9,0.0,1662362.0,0.0,0.0,0.0,0.0,206.6402,2.4346458320797715,3.146157352143245,0.7,2051429.9,842598.9,376893.92,119795.0
2022-05-09,0.0,0.0,3821374.7,0.0,0.0,0.0,1812.2,2337006.1,0.0,682818.5,1408290.975,0.0,0.0,0.0,1392337.7,0.0,0.0,0.0,0.0,206.6402,2.4542172317700035,3.275994965602356,0.68,1952048.8,795385.5,348526.88,106388.1
2022-05-16,0.0,0.0,3512453.1,0.0,0.0,0.0,1829.1,2208003.2,0.0,523435.9,1429359.75,0.0,0.0,0.0,1113002.8,0.0,0.0,0.0,0.0,350.14125718,2.498199742820403,3.189283061147443,0.64,1894197.5,758225.0,340446.08,106746.9
2022-05-23,0.0,0.0,3000653.5,0.0,0.0,0.0,1505.4,2800842.2,0.0,308496.5,1267779.175,0.0,0.0,0.0,1024367.5,0.0,0.0,0.0,0.0,526.17054282,2.5345456164475046,3.3610825874471475,0.59,1924118.3,759157.1,318285.11000000004,94697.2
2022-05-30,0.0,0.0,1900609.1,0.0,0.0,0.0,1465.1,2090307.7,0.0,432633.5,1846657.15,0.0,0.0,0.0,1247794.6,0.0,0.0,0.0,53.17,334.8358,2.496711164676683,3.28373028332212,0.44,1906674.9,763674.6,285521.99,86950.5
2022-06-06,0.0,0.0,1844650.6,0.0,0.0,0.0,1896.7,3246594.0,0.0,870389.0,3376792.25,0.0,0.0,0.0,1046208.8,0.0,0.0,0.0,54.47,334.8358,2.481391199373848,3.517942694490646,0.45,1945317.4,783962.4,266711.77,75814.7
2022-06-13,0.0,0.0,1797564.6,0.0,0.0,0.0,1862.9,2875275.0,0.0,873659.8,2950253.8000000003,0.0,0.0,0.0,857221.3,0.0,0.0,0.0,55.64,378.17371423,2.506362623390118,3.5382345939016573,0.65,1906531.9,760676.8,251166.89,70986.5
2022-06-20,0.0,0.0,4768362.3,0.0,0.0,0.0,1781.0,2124543.2,0.0,696199.4,2437630.325,0.0,0.0,0.0,631694.7000000001,0.0,0.0,0.0,56.94,158.90568577,2.526715474971712,3.441556630259559,0.54,1950761.8,772054.4,247006.37,71771.7
2022-06-27,0.0,517891.53,5653359.4,0.0,0.0,0.0,1878.5,1327141.4,0.0,523705.0,4615016.9,0.0,5567495.7,0.0,341196.7,0.0,0.0,0.0,59.02,170.54180000000002,2.524724062119477,3.356329050891345,0.56,2342323.1,927754.1,262867.02,78319.8
2022-07-04,0.0,1139361.34,4088164.6,0.0,0.0,436828.6,1826.5,2511459.6,0.0,1588029.3,8126661.4,0.0,8316191.0,0.0,347565.4,0.0,0.0,0.0,71.89,355.6618,2.485127481750538,3.202277472927694,0.66,2290299.7,921602.5,257183.55,80312.7
2022-07-11,51553.88610680534,1864409.3,3959138.3,0.0,0.0,2531545.9,1771.9,4836071.5,0.0,3071485.3000000003,7941410.100000001,0.0,1778133.5,0.0,2318001.4,0.0,0.0,0.0,82.68,338.86877141,2.4956044731987608,3.435016686606637,0.39,2205407.1,883716.6,283667.8,82581.2
2022-07-18,100927.29636481823,828626.5,3746182.7,0.0,0.0,5637630.7,2575.3,1395345.9,0.0,2139702.5,8407895.6,0.0,7484084.4,0.0,2519816.0,0.0,0.0,0.0,64.35000000000001,439.79222859,2.5234767702221315,3.4751951475884413,0.47,2231353.8000000003,884237.9,262178.8,75442.90000000001
2022-07-25,4587.604380219011,0.0,4069474.5,0.0,0.0,5041249.2,3263.0,1177831.2,0.0,2717254.8000000003,3812650.4,0.0,2001114.7,0.0,2668603.6,0.0,0.0,0.0,0.0,338.7696,2.5513505932173994,3.39538327654616,0.76,2199271.1,862002.7000000001,299255.84,88136.1
2022-08-01,13762.813140657036,0.0,0.0,0.0,0.0,6335345.7141,19909.5,2008657.3,303378.4,0.0,0.0,0.0,1844105.9,0.0,1737655.4,0.0,0.0,0.0,62.400000000000006,338.7696,2.5232073980769383,3.3622721450389204,0.75,2096307.2,830810.5,266164.86000000004,79162.2
2022-08-08,4587.604380219011,0.0,0.0,0.0,0.0,5205417.2846,13107.9,2114990.8000000003,407288.7,0.0,1269615.1,0.0,4228991.0,0.0,2918581.9,0.0,0.0,0.0,59.8,383.39674282,2.528493244928602,3.4560057887120115,0.78,2016241.5,797408.3,257675.99,74558.90000000001
2022-08-15,0.0,0.0,0.0,0.0,0.0,5587710.1436,14041.3,2097816.5,402948.0,0.0,1875759.6,0.0,5472836.2,0.0,2911378.6,0.0,0.0,0.0,57.2,325.61285718,2.602501877355306,3.603725085467329,0.69,1964329.9,754785.2000000001,290516.46,80615.6
2022-08-22,4587.604380219011,0.0,0.0,0.0,0.0,5684133.556400001,12831.0,1956288.1,204679.8,0.0,2016249.3,0.0,6293531.4,0.0,3122324.4,0.0,0.0,0.0,45.5,266.11,2.771886710372671,3.5467367415193505,0.36,1888598.4,681340.4,289509.48000000004,81627.0
2022-08-29,4587.604380219011,0.0,0.0,0.0,0.0,2807221.3000000003,15704.0,2061941.7,230154.6,0.0,2381767.7,0.0,0.0,0.0,1126316.1,0.0,0.0,0.0,42.9,104.13,2.894179707485754,3.5756350751110446,0.46,1919326.5,663167.7000000001,279415.5,78144.3
2022-09-05,0.0,0.0,0.0,0.0,0.0,522101.35718,16489.2,2391015.9,242044.4,0.0,1049708.4,0.0,0.0,0.0,0.0,0.0,0.0,0.0,80.60000000000001,259.82914282,2.875136700156566,3.6124334362978265,0.85,1900280.2,660935.6,247811.85,68599.7
2022-09-12,4587.604380219011,0.0,0.0,0.0,0.0,0.0,17345.9,1938105.0,163160.4,0.0,0.0,0.0,0.0,0.0,0.0,0.0,0.0,0.0,39.0,570.89685718,2.885620530673692,3.800678428858047,0.79,1913706.6,663187.2000000001,238876.82,62851.1
2022-09-19,41288.439421971096,0.0,0.0,0.0,0.0,0.0,18051.8,2549019.2,2299462.1,0.0,4449945.5,0.0,0.0,0.0,0.0,0.0,0.0,0.0,119.6,363.298,2.9053572134285077,3.78479830061046,0.78,2006992.0,690790.1,238572.49,63034.4
2022-09-26,142215.73578678933,0.0,0.0,0.0,0.0,0.0,15692.3,3973080.8,1770368.6,0.0,9106189.3,0.0,0.0,0.0,0.0,0.0,0.0,0.0,85.8,363.298,2.8755058903056443,3.7385531485795753,0.59,2134574.0,742329.9,279544.33,74773.40000000001
2022-10-03,22938.021901095057,0.0,0.0,0.0,0.0,0.0,9132.5,2792237.5,868298.6,0.0,1479925.2,0.0,0.0,0.0,0.0,0.0,0.0,0.0,0.0,401.97485718,2.8742094385370414,3.695725237264536,0.33,2046510.7,712025.6,300196.0,81227.90000000001
2022-10-10,4587.604380219011,1673475.7,0.0,0.0,0.0,3460190.8718,11436.1,2842225.1,948716.6,0.0,11345781.2,0.0,2476214.0,0.0,0.0,0.0,0.0,0.0,0.0,141.81514282,2.889294377860821,3.702435576448146,0.26,1930840.6,668274.1,282595.43,76326.90000000001
2022-10-17,24697.98489924496,1673475.7,0.0,0.0,0.0,5785001.8577,13244.4,3275975.3000000003,1166470.5,0.0,11820437.2,0.0,14224691.0,0.0,1179331.4,0.0,0.0,0.0,89.7,184.45885718,2.8356588171949504,3.5580004362196536,0.89,1992331.9,702599.3,275687.75,77483.90000000001
2022-10-24,26813.8406920346,1673475.7,0.0,0.0,0.0,6112628.9718,9324.9,2119848.9,1196211.9,0.0,11270690.6,0.0,17826688.1,0.0,1395287.4,0.0,0.0,0.0,100.1,435.69314282,2.804895727170486,3.46652237858074,0.64,2143103.3000000003,764058.1,269640.67,77784.2
2022-10-31,11291.064553227665,1673475.7,0.0,0.0,0.0,5831218.9,8239.4,3674994.7,1592526.0,0.0,10205590.2,0.0,20097789.4,0.0,1542131.5,0.0,0.0,0.0,98.8,346.76942859,2.8248069972373577,3.500497653704755,0.78,2017805.4,714316.2000000001,304501.99,86988.2
2022-11-07,4587.604380219011,0.0,0.0,0.0,0.0,3818653.057180001,9790.3,5260758.100000001,1131815.1,0.0,1495816.4,0.0,1442062.7,0.0,0.0,0.0,0.0,0.0,71.5,354.37257141000003,2.761213455068988,3.6269783503785367,0.94,1999588.5,724170.2000000001,354997.76,97877.0
2022-11-14,20110.38051902595,0.0,0.0,0.0,0.0,3441489.6282,8591.7,4986482.8,1178825.7,0.0,1650801.1,0.0,2308476.3000000003,0.0,1576231.8,0.0,0.0,0.0,87.10000000000001,305.44800000000004,2.693619117142631,3.387286774731101,0.58,1990701.7,739043.5,290673.24,85813.0
2022-11-21,33517.30086504325,0.0,0.0,0.0,0.0,3006966.3000000003,8988.2,2964591.5,1596751.0,0.0,3095760.2,0.0,2913099.8000000003,0.0,1945479.9,0.0,0.0,0.0,85.8,85.61800000000001,2.709356683121339,3.5067296247367663,0.58,1911488.8,705513.9,348530.0,99388.9
2022-11-28,0.0,0.0,0.0,0.0,0.0,3834607.4,7469.8,2638556.7,1121638.7,0.0,8231696.2,0.0,6633194.100000001,0.0,2759413.8000000003,0.0,0.0,0.0,3.9,122.311428577,2.734523788223085,3.3892975559255167,0.85,1986787.4,726557.0,314942.68,92922.7
2022-12-05,0.0,0.0,0.0,0.0,0.0,1686420.91436,6545.5,2769257.4,1391266.5,0.0,4624552.4,0.0,0.0,0.0,997877.4,0.0,0.0,0.0,0.0,134.54257141000002,2.7121195236290965,3.4206382621695424,0.81,1898280.8,699925.2000000001,291503.03,85218.90000000001
2022-12-12,0.0,0.0,0.0,0.0,0.0,0.0,7117.5,3746295.8,2042544.4,0.0,0.0,0.0,0.0,0.0,944128.9,0.0,0.0,0.0,0.0,85.61800000000001,2.784002816578512,3.4338418246445497,0.71,2210139.1,793871.0,301408.9,87776.0
2022-12-19,0.0,0.0,0.0,0.0,0.0,0.0,6656.0,1755741.0,3797119.3,0.0,0.0,0.0,0.0,0.0,1167166.0,0.0,0.0,0.0,0.0,85.61800000000001,2.7828964305302155,3.263526442616172,0.8,2585718.2,929146.4,297545.17,91172.9
2022-12-26,0.0,0.0,0.0,0.0,0.0,0.0,6134.7,3362277.1,4312079.2,0.0,0.0,0.0,0.0,0.0,563622.8,0.0,0.0,0.0,0.0,237.94531423,2.9549547910978133,3.3128626394767218,0.83,1689646.4,571801.1,223863.38,67574.0
2023-01-02,0.0,0.0,1759495.4,0.0,0.0,0.0,7254.0,2562734.2,3273119.2,1331929.3,0.0,0.0,0.0,0.0,0.0,0.0,0.0,0.0,0.0,977.6,2.978990313729114,3.570229571687008,0.38,1927893.5,647163.4,364314.08,102042.2
2023-01-09,51140.31,0.0,2915367.0,0.0,0.0,0.0,9067.5,2375178.0,0.0,1140963.2,0.0,0.0,0.0,0.0,0.0,0.0,0.0,0.0,0.0,1422.2,3.062178454932078,3.585756484941746,0.37,1928235.4,629694.0,339281.41000000003,94619.2
2023-01-16,33377.279,0.0,3545530.3000000003,0.0,0.0,0.0,7976.8,3097565.9,2195059.1,1250758.6,0.0,0.0,0.0,0.0,0.0,0.0,0.0,0.0,0.0,367.9,3.114194279005277,3.5876007677543185,0.4,1848236.0,593487.7000000001,352332.89,98208.5
2023-01-23,106851.459,991638.7,3816465.9,0.0,0.0,0.0,8628.1,2489900.4,133095.30000000002,1302973.1,0.0,0.0,0.0,0.0,0.0,0.0,0.0,0.0,72.956,0.0,2.9751390027336195,3.706569908447932,0.85,1915716.4,643908.2000000001,379474.55,102378.9
2023-01-30,91108.68,1388294.7,3859117.6,0.0,0.0,6777404.4,9899.5,2163844.8000000003,72644.0,921779.3,9745457.8,0.0,11227531.25,0.0,0.0,0.0,0.0,0.0,99.398,0.0,3.0587521982505947,3.634773513213508,0.82,2075693.1,678607.8,442713.96,121799.6
2023-02-06,45166.97900000001,1388294.7,4598107.8,0.0,0.0,6407884.600000001,8980.4,3078965.5,105099.8,942061.9,8906094.6,0.0,2951731.25,0.0,362531.0,0.0,0.0,0.0,93.535,981.5,3.0146855279047093,3.677928366571067,0.68,1953737.5,648073.4,358430.67000000004,97454.5
2023-02-13,119531.62,1388294.7,4380664.600000001,0.0,0.0,6016847.2,7021.3,3641614.6,109138.9,1314326.0,9547804.5,0.0,2951731.25,0.0,1589749.2,0.0,0.0,0.0,82.615,0.0,3.031172284636604,3.865119762481109,0.68,1944203.3,641403.1,375708.58,97204.9
2023-02-20,20276.75,396656.0,3929092.7,0.0,0.0,4363108.100000001,11092.9,4445630.8,463343.4,1477057.4,11281384.4,0.0,2951731.25,0.0,1872557.7,0.0,0.0,0.0,24.856,1.3,3.156885378903803,3.85621878572718,0.54,1998070.1,632924.5,416562.25,108023.5
2023-02-27,5671.25,0.0,3777294.3,0.0,0.0,3231768.8000000003,13834.6,5044075.4,815349.6,1101821.5,1621356.1,0.0,0.0,0.0,2404006.8000000003,0.0,0.0,0.0,0.0,0.0,3.2190471126842133,3.851059286248583,0.49,2203825.0,684620.3,414958.57000000007,107751.8
2023-03-06,206659.7,0.0,3944348.2,1726112.505,0.0,6988302.100000001,8309.6,5648362.2,663871.0,1006985.2,0.0,0.0,0.0,0.0,2290087.8000000003,0.0,0.0,0.0,0.0,2927.6,3.2467410274480577,3.924950388088445,0.72,2287831.0,704654.6,434528.51,110709.3
2023-03-13,24859.536000000004,1361887.8,4049640.4,1726112.505,0.0,4612593.7,8258.9,5455906.3,631060.3,730475.2000000001,0.0,4635997.600000001,0.0,0.0,1169844.0,0.0,0.0,0.0,63.349,0.0,3.202492156847012,3.9084304431519463,0.4,2594343.7,810101.5,490952.8,125613.8
2023-03-20,166795.577,1361887.8,3840976.1,1726112.505,0.0,4688433.100000001,988423.8,5908532.5,783062.8,549367.0,26166730.2,5296371.600000001,10637075.085,0.0,0.0,0.0,2656735.9,0.0,82.30300000000001,1342.9,3.104767508572888,4.084517717632515,0.57,2750705.1,885961.7000000001,524015.44,128293.1
2023-03-27,640597.906,1361887.8,3162396.9,1726112.505,0.0,4401020.0,4008243.2,6817649.8,886810.6,560480.7000000001,13430040.0,4069523.9,3810718.21,0.0,431691.0,0.0,7052242.34,0.0,109.967,0.0,3.0490503641756184,4.236670273612614,0.68,2823909.4,926160.3,534436.89,126145.5
2023-04-03,273172.12,1361887.8,2352218.7,1726112.505,0.0,4787295.5,2094311.7,5804025.5,793262.6,332606.3,17380767.3,3206786.7,3810718.21,0.0,1568014.5,0.0,5806449.74,0.0,74.802,898.3000000000001,3.074765868168952,4.0311563406158,0.59,2608238.1,848272.1,473500.43,117460.2
2023-04-10,157462.019,1361887.8,3003786.5,1726112.505,0.0,3973713.9,3151926.7,4047804.8,704845.7000000001,313430.0,17026544.6,3179023.9,3810718.21,0.0,1932988.2,0.0,4480712.34,0.0,31.824,0.0,2.988506500805576,3.768960112157176,0.74,2488519.8000000003,832696.8,503257.56000000006,133526.9
2023-04-17,236056.743,194555.4,2797276.3000000003,2229763.523,0.0,297086.4,1264222.7,5769481.9,721246.5,392364.7,11021693.8,1201999.5,3810718.21,0.0,2415476.7,0.0,3522871.04,0.0,0.0,0.0,3.0487661875434573,3.833054775677865,0.81,2399761.0,787125.3,528902.53,137984.6
2023-04-24,297021.868,0.0,2796940.9,503651.018,0.0,0.0,6133.400000000001,5619070.600000001,964139.8,543549.5,2605704.4,0.0,0.0,0.0,2187174.6,0.0,2894786.44,0.0,0.0,0.0,3.143014396578159,3.8586600217597296,0.42,2598297.0,826689.5,571712.9600000001,148163.6
2023-05-01,529727.77,1342161.6,4732458.9,503651.018,0.0,0.0,7086.3,6084144.3,928375.5,541336.9,8851369.8,0.0,0.0,0.0,287641.9,0.0,0.0,0.0,97.136,2017.6,3.121922753932725,3.898853000641057,0.68,2455083.8000000003,786401.2000000001,513921.46,131813.5
2023-05-08,293517.367,1342161.6,5432870.3,503651.018,0.0,3138330.0,7575.1,4592038.100000001,698688.9,408502.9,14806623.0,0.0,0.0,0.0,0.0,0.0,0.0,420104.1,93.678,0.0,3.057623299521909,3.997195515642425,0.71,2173314.0,710785.4,442651.43,110740.5
2023-05-15,858863.59,1342161.6,5274426.3,503651.018,0.0,6635301.4,9409.4,4230817.5,619521.5,421573.1,14792978.2,0.0,0.0,0.0,0.0,0.0,0.0,524962.1,87.88,0.0,3.03976827902412,3.971134952296113,0.67,2109883.1,694093.4,399869.86,100694.1
2023-05-22,307441.914,0.0,5825144.0,503651.018,0.0,4798566.5,7646.6,3505060.0,490301.5,520364.0,14143301.9,0.0,0.0,0.0,0.0,0.0,0.0,1604341.7,0.0,0.0,3.023253061008145,3.969767180995588,0.55,2224470.3000000003,735787.0,414063.39,104304.2
2023-05-29,143968.708,0.0,7277505.3,1048156.395,0.0,595190.7000000001,8587.800000000001,3424127.2,438421.1,547084.2000000001,11684307.7,0.0,0.0,0.0,0.0,0.0,0.0,1293841.9,41.899,0.0,3.129651499042428,3.924688129931464,0.41,2349594.0,750752.6,442938.34,112859.5
2023-06-05,36733.307,0.0,6836923.600000001,544505.377,0.0,3631041.7,9111.7,3835410.8,342763.2,400136.1,13041076.1,0.0,0.0,0.0,627601.0,0.0,0.0,646353.5,43.238,510.9,3.177075918805329,3.7433490576291817,0.49,2309400.6,726895.0,447714.28,119602.6
2023-06-12,29470.103,0.0,9036493.7,544505.377,0.0,5875834.9,8300.5,4348266.0,160784.0,270333.7,11118084.9,0.0,0.0,0.0,2027658.1,0.0,0.0,1086022.6,54.21000000000001,0.0,3.203417136329838,3.779934762950523,0.71,2318686.5,723816.6,456463.41,120759.6
2023-06-19,6286.072000000001,0.0,9480038.1,544505.377,0.0,3718865.8,8932.300000000001,6338697.3,163417.80000000002,243493.9,11431738.5,0.0,0.0,0.0,2316463.5,0.0,0.0,1035790.6,48.23,0.0,3.209750116566218,3.837369536951353,0.62,2416271.0,752791.0,425870.12000000005,110979.7
2023-06-26,21785.101,0.0,8487484.200000001,544505.377,0.0,774.8000000000001,8405.800000000001,5689374.600000001,238876.3,231795.2,3223659.4,0.0,0.0,0.0,714327.9,0.0,0.0,868856.3,35.347,1413.1,3.252270411051976,3.97142315566002,0.53,2613592.8000000003,803621.0,476649.81000000006,120019.9
2023-07-03,0.0,1632575.1,4949170.2,544505.377,0.0,1276273.7,9040.2,3175116.1,1976837.2,349792.3,4763538.0,0.0,0.0,0.0,0.0,0.0,0.0,0.0,88.08800000000001,1258.4,3.1457519300677586,3.91332714596661,0.72,2554774.3000000003,812134.7000000001,460438.55,117659.1
2023-07-10,0.0,1632575.1,5194257.9,544505.377,0.0,5202775.5,11486.8,2388657.7,2123655.3000000003,487176.3,11824887.1,0.0,0.0,0.0,0.0,0.0,0.0,0.0,92.963,448.5,3.1228083507294446,4.068913805446313,0.46,2724541.3000000003,872465.1,568942.79,139826.7
2023-07-17,0.0,932900.8,2830399.0,0.0,0.0,5422344.2,10134.8,374955.1,2890152.2,552464.9,13557975.6,0.0,0.0,0.0,0.0,0.0,0.0,0.0,56.953,286.0,3.076857216632616,3.759345452195826,0.49,2648907.3000000003,860913.3,453810.89,120715.4
2023-07-24,254.8,0.0,2848344.2,0.0,0.0,5907393.7,11352.9,354196.7,2244347.3000000003,503412.0,14729640.9,0.0,0.0,0.0,0.0,0.0,0.0,0.0,0.0,516.1,3.020976729427325,3.7075311477011774,0.74,2648605.7,876738.2000000001,493233.26,133035.5
2023-07-31,0.0,0.0,2588011.4,0.0,0.0,5972401.5,8667.1,2454788.7,2788264.7,455453.7,9954266.4,0.0,0.0,0.0,0.0,0.0,189774.0,0.0,67.301,0.0,2.960691712503976,3.7057354088717274,0.74,2553348.2,862416.1,481543.27,129945.4
2023-08-07,20656.35,0.0,2853171.1,0.0,0.0,1047789.6,8169.200000000001,2061290.4,149858.80000000002,478176.4,874298.1,0.0,0.0,0.0,0.0,0.0,1151361.9,0.0,43.862,0.0,2.983431952662722,3.636069242185326,0.76,2405538.2,806299.0,407684.81000000006,112122.4
2023-08-14,6383.0,0.0,2623201.1,0.0,0.0,0.0,11541.4,1308049.6,601502.2000000001,484588.0,0.0,0.0,0.0,0.0,0.0,0.0,1472876.6,0.0,36.816,0.0,3.019511060780538,3.7192492396350247,0.64,2464536.1,816203.7000000001,422861.53,113695.4
2023-08-21,0.0,0.0,2629697.2,88674.118,0.0,0.0,7646.6,1135621.5,742244.1,381410.9,0.0,0.0,0.0,0.0,0.0,0.0,189774.0,0.0,38.467,1011.4,3.126068113212904,3.8694416428701626,0.41,2576757.3000000003,824280.6,413966.41,106983.5
2023-08-28,0.0,0.0,2873830.7,88674.118,0.0,0.0,18128.5,1168325.6,532290.2000000001,366732.6,0.0,0.0,0.0,0.0,0.0,0.0,189774.0,0.0,42.991,0.0,3.1680489932337434,3.843451465716608,0.48,2469402.0,779470.9,399693.97,103993.5
2023-09-04,0.0,0.0,2741742.9,88674.118,0.0,0.0,32328.4,2349991.8000000003,485998.5,423538.7,6407404.9,0.0,0.0,0.0,0.0,0.0,0.0,0.0,73.047,0.0,3.164195107828417,3.8055567790777705,0.8,2443769.9,772319.6,359415.81000000006,94445.0
2023-09-11,104240.5,0.0,2738321.3000000003,88674.118,0.0,0.0,30598.1,3729781.9,816533.9,363175.8,11324690.0,0.0,0.0,3453455.2,2604574.7,0.0,0.0,0.0,61.347,0.0,3.096483906915154,3.719785993618195,0.75,2590013.4,836436.9,403115.44,108370.6
2023-09-18,0.0,0.0,2795057.2,88674.118,0.0,0.0,30366.7,3099525.0,442123.5,440450.4,10911672.2,0.0,0.0,4939654.2,4973039.5,0.0,0.0,0.0,47.268,0.0,3.1119509938005194,3.615238140406208,0.75,2469941.5,793695.5,396386.64,109643.3
2023-09-25,0.0,0.0,2636505.3000000003,88674.118,0.0,0.0,26092.3,3204691.1,149428.5,412635.6,7932492.100000001,0.0,0.0,3650385.7,4465880.9,0.0,0.0,0.0,15.392,4054.7,3.168874635287309,3.761770017394387,0.61,2562619.8000000003,808684.5,441393.68,117336.7
2023-10-02,0.0,1831709.1,0.0,1795549.223,0.0,2469918.1,30316.0,2255774.3000000003,204172.8,437057.4,7694122.8,0.0,0.0,0.0,0.0,0.0,0.0,0.0,88.101,527.8000000000001,3.2567407813561364,3.959369408059552,0.3,2424553.3000000003,744472.3,431467.53,108973.8
2023-10-09,0.0,1831709.1,0.0,1706875.105,0.0,2949836.5,29827.2,6125277.600000001,139025.9,431814.5,9478237.6,0.0,0.0,0.0,0.0,0.0,0.0,0.0,107.133,0.0,3.2900568171798787,4.0853528692357495,0.25,2425451.6,737206.6,442944.58,108422.6
2023-10-16,0.0,1831709.1,0.0,1706875.105,0.0,2999518.6,25701.0,4269402.8,124818.2,354391.7,8940217.0,0.0,0.0,0.0,0.0,0.0,0.0,0.0,92.95,1223.3,3.1312506868407417,3.892381261549218,0.88,2333596.2,745260.1,405273.18,104119.6
2023-10-23,0.0,261673.1,0.0,1706875.105,0.0,4554838.600000001,25338.3,1455512.5,257133.5,347561.5,8199629.100000001,0.0,0.0,0.0,0.0,0.0,0.0,0.0,13.169000000000002,460.2,3.061211057481352,3.722295890410959,0.66,2539446.0,829556.0,441557.35,118625.0
2023-10-30,0.0,0.0,0.0,1706875.105,0.0,0.0,28804.1,1688538.8,5489381.3,371216.3,1174716.4,0.0,0.0,0.0,0.0,0.0,0.0,0.0,0.0,0.0,2.9667911585251394,3.641634808654869,0.86,2568289.1,865679.1,480475.84,131939.6
2023-11-06,0.0,0.0,0.0,1706875.105,0.0,0.0,28837.9,2523938.3000000003,1593969.0,302461.9,0.0,0.0,0.0,0.0,0.0,0.0,0.0,0.0,0.0,0.0,2.939093771516544,3.605479775673288,0.95,2469416.3000000003,840196.5,456328.99,126565.4
2023-11-13,0.0,0.0,1034740.2,3915299.505,0.0,0.0,28086.5,1558674.0,267836.4,300176.5,0.0,0.0,0.0,0.0,0.0,830281.4,0.0,0.0,0.0,1449.5,3.0168403619840194,3.605887172891623,0.58,2458116.7,814798.4,451950.72,125336.9
2023-11-20,0.0,0.0,2602852.2,2208424.4,0.0,0.0,27574.3,5758130.3,288516.8,404011.4,0.0,0.0,0.0,0.0,0.0,830281.4,0.0,0.0,0.0,591.5,3.054441900544702,3.8220073656573983,0.6,2525190.2,826727.2000000001,554491.86,145078.7
2023-11-27,0.0,0.0,3740070.1,2208424.4,0.0,0.0,26319.8,3005910.7,287167.4,429973.7,0.0,0.0,0.0,0.0,0.0,830281.4,0.0,0.0,0.0,0.0,3.067399622986533,3.771592162429148,0.91,2472870.4,806178.1,511228.38,135547.1
2023-12-04,0.0,0.0,3669885.7,2208424.4,0.0,0.0,30949.1,1035899.8,264975.10000000003,427765.0,0.0,0.0,0.0,0.0,0.0,3229658.25,0.0,0.0,0.0,0.0,3.0396988309251567,3.784532706954232,0.81,2464104.5,810641.0,483836.99,127845.9
2023-12-11,0.0,0.0,1885674.7,2208424.4,0.0,0.0,23582.0,195776.1,198450.2,394867.2,0.0,0.0,0.0,0.0,0.0,3229658.25,0.0,0.0,0.0,193.7,3.057034496122311,3.836531877945919,0.81,2686708.7,878861.1,502614.45,131007.5
2023-12-18,0.0,0.0,0.0,2208424.4,0.0,0.0,23169.9,205602.8,195839.8,519266.8000000001,0.0,0.0,0.0,0.0,0.0,3229658.25,0.0,0.0,0.0,0.0,3.1769551126984164,3.939210747271201,0.86,3397529.2,1069429.4,463530.08,117670.8
2023-12-25,0.0,0.0,0.0,2344882.423,0.0,0.0,20762.3,183526.2,171061.80000000002,595117.9,0.0,0.0,0.0,0.0,0.0,3229658.25,0.0,0.0,0.0,0.0,3.302599677157269,4.743514185867441,0.83,2002780.0,606425.3,416440.7,87791.6
